protein accession	genome accession
MPSW01000651.1_K04564_015d9ebc	GCA_001896105.1
MPSW01001707.1_K04564_7b9e297c	GCA_001896105.1
RDEB01000110.1_K04564_86e229fd	GCA_006542545.1
BLAZ01000169.1_K04564_9f65b912	GCA_014633955.1
BLEZ01003184.1_K04564_dc8bf6ad	GCA_014633975.1
BLFE01002088.1_K04564_10e43317	GCA_014634605.1
JAJLRJ010000007.1_K04564_fcb962ee	GCA_024195265.1
JAJLRJ010000014.1_K04564_3e2b9a48	GCA_024195265.1
KAJ7371307.1	GCA_029204205.1
KAJ7390115.1	GCA_029204205.1
MU825420.1_K04564_3d91ab54	GCA_029204205.1
MU826849.1_K04564_291d850d	GCA_029204205.1
JARQWQ010000030.1_K04564_a7361c5a	GCA_032359415.1
KAK2562129.1	GCA_032359415.1
JAUTBS010441823.1_K04564_f032f926	GCA_032361285.1
JAUJYZ010000740.1_K04564_87e6c451	GCA_033675265.1
JAUJYZ010000745.1_K04564_47603ed6	GCA_033675265.1
KAK3736516.1	GCA_033675265.1
KAK3736644.1	GCA_033675265.1
CM106374.1_K04564_529830d2	GCA_047906015.2
CM106378.1_K04564_64fa28d1	GCA_047906015.2
CAB3989857.1	GCA_902702795.2
CAB3994625.1	GCA_902702795.2
CACRXK020001562.1_K04564_ba438d0e	GCA_902702795.2
CACRXK020002501.1_K04564_f2b5b9d1	GCA_902702795.2
CACRXK020033196.1_K04564_522e7a5b	GCA_902702795.2
CAH3015114.1	GCA_942486025.1
CAH3167338.1	GCA_942486025.1
CAH3184524.1	GCA_942486025.1
CALNXI010000019.1_K04564_88477d8a	GCA_942486025.1
CALNXI010000019.1_K04564_9c58f698	GCA_942486025.1
CALNXI010001387.1_K04564_b0e36d4a	GCA_942486025.1
CALNXI010002198.1_K04564_dfc5bba7	GCA_942486025.1
CAH3113625.1	GCA_942486035.1
CAH3121122.1	GCA_942486035.1
CALNXK010000026.1_K04564_ed584393	GCA_942486035.1
CALNXK010000035.1_K04564_4c740ac6	GCA_942486035.1
CAH3109050.1	GCA_942486045.1
CAH3154858.1	GCA_942486045.1
CALNXJ010000011.1_K04564_5e644e17	GCA_942486045.1
CALNXJ010000056.1_K04564_bcab822f	GCA_942486045.1
OZ116702.1_K04564_7a632fe8	GCA_964199315.1
OZ116712.1_K04564_f67ada29	GCA_964199315.1
NW_001830281.1_K04564_aabf75a2	GCF_000209225.1
NW_001834379.1_K04564_218b7627	GCF_000209225.1
NW_001834409.1_K04564_dd4ebe9b	GCF_000209225.1
XP_001641079.1	GCF_000209225.1
XP_032242609.1	GCF_000209225.1
NW_015441130.1_K04564_74b04aa7	GCF_000222465.1
XP_015756014.1	GCF_000222465.1
NW_018384609.1_K04564_9ada1ad3	GCF_001417965.1
NW_018385051.1_K04564_bf905449	GCF_001417965.1
XP_020892835.1	GCF_001417965.1
XP_020896468.1	GCF_001417965.1
NW_018149874.1_K04564_116bcf4d	GCF_002042975.1
NW_018149988.1_K04564_d6a2d83a	GCF_002042975.1
XP_020623159.1	GCF_002042975.1
XP_020624989.1	GCF_002042975.1
NW_019217915.1_K04564_8c7a1a6e	GCF_002571385.2
NW_019218106.1_K04564_a8e289e7	GCF_002571385.2
XP_022789717.1	GCF_002571385.2
XP_022799031.1	GCF_002571385.2
NW_020845403.1_K04564_b41b5453	GCF_003704095.1
NW_020845583.1_K04564_8abeba60	GCF_003704095.1
XP_027044652.1	GCF_003704095.1
XP_027045969.1	GCF_003704095.1
NW_021126546.1_K04564_2e4adbc0	GCF_004143615.1
XP_029200276.1	GCF_004143615.1
NW_021163045.1_K04564_93184bc0	GCF_004324835.1
NW_021163057.1_K04564_58bba69c	GCF_004324835.1
XP_028402961.1	GCF_004324835.1
XP_028405302.1	GCF_004324835.1
NW_022259326.1_K04564_c5c784a5	GCF_009602425.1
NW_022259448.1_K04564_94b23c3f	GCF_009602425.1
XP_031555730.1	GCF_009602425.1
XP_031556222.1	GCF_009602425.1
XP_065051554.1	GCF_013076305.1
XP_065052710.1	GCF_013076305.1
NC_058072.1_K04564_d76f083e	GCF_013753865.1
NC_058072.1_K04564_e7306cec	GCF_013753865.1
XP_029200276.2	GCF_013753865.1
XP_044179376.1	GCF_013753865.1
NW_025813402.1_K04564_d3bead77	GCF_021976095.1
NW_025813488.1_K04564_dc28fde6	GCF_021976095.1
XP_046848022.1	GCF_021976095.1
NW_026709483.1_K04564_f6c44c1b	GCF_030620025.1
NW_026710474.1_K04564_6393b7b3	GCF_030620025.1
XP_058945240.1	GCF_030620025.1
XP_058961470.1	GCF_030620025.1
NC_090047.1_K04564_9ff9e7e6	GCF_036669905.1
XP_067022095.1	GCF_036669905.1
NC_089313.1_K04564_d4ce240d	GCF_036669915.1
NC_089321.1_K04564_80b85b49	GCF_036669915.1
XP_058945240.2	GCF_036669915.1
NC_090883.1_K04564_15cd5c3b	GCF_036669925.1
XP_068741652.1	GCF_036669925.1
NC_090876.1_K04564_d2caed50	GCF_036669935.1
XP_068715352.1	GCF_036669935.1
NC_088930.1_K04564_c6107477	GCF_038396675.1
NP_001296665.1	GCF_038396675.1
NC_064035.1_K04564_8bf6ddb6	GCF_932526225.1
NC_064035.1_K04564_e2e0e4b8	GCF_932526225.1
XP_048580243.1	GCF_932526225.1
NC_133203.1_K04564_101605b8	GCF_958299795.1
NC_133203.1_K04564_e84107a7	GCF_958299795.1
NC_133214.1_K04564_27a93157	GCF_958299795.1
XP_073230536.1	GCF_958299795.1
XP_073236307.1	GCF_958299795.1
orbicella_host_TRINITY_DN199962_c6_g1_i3.p1|orbicella_faveolata	
orbicella_host_TRINITY_DN215728_c1_g2_i1.p1|orbicella_faveolata	
pseudodiploria_host_TRINITY_DN196811_c4_g3_i7.p1|pseudodiploria_clivosa	
pseudodiploria_host_TRINITY_DN177525_c0_g4_i17.p2|pseudodiploria_clivosa	
pseudodiploria_host_TRINITY_DN177525_c0_g4_i7.p1|pseudodiploria_clivosa	
siderastrea_host_TRINITY_DN422136_c0_g2_i3.p1|siderastrea_radians	
siderastrea_host_TRINITY_DN434783_c2_g2_i2.p1|siderastrea_radians	
a_tenuis_TRINITY_DN8520_c0_g2_i1.p1|acropora_tenuis	
DF239422.1_K04564_97e4b8bf	GCA_000507305.1
DF239687.1_K04564_210fd9cb	GCA_000507305.1
DF239687.1_K04564_387475d1	GCA_000507305.1
DF239687.1_K04564_8557d9bb	GCA_000507305.1
LSRX01000377.1_K04564_44e29dab	GCA_001939145.1
LSRX01000795.1_K04564_1fcb6a32	GCA_001939145.1
LSRX01001534.1_K04564_5042868b	GCA_001939145.1
OLP79028.1	GCA_001939145.1
OLP88777.1	GCA_001939145.1
OLP99006.1	GCA_001939145.1
BGNK01003376.1_K04564_a3776c6c	GCA_003297005.1
BGNK01004149.1_K04564_08628d5d	GCA_003297005.1
BGPT01000358.1_K04564_070be8c8	GCA_003297045.1
BGPT01000358.1_K04564_7f668c66	GCA_003297045.1
BGPT01001106.1_K04564_f06818ef	GCA_003297045.1
BGPT01004387.1_K04564_42ae3337	GCA_003297045.1
BGPT01004387.1_K04564_e2a22457	GCA_003297045.1
CAE7445615.1	GCA_905221605.1
CAE7459428.1	GCA_905221605.1
CAJNDS010002352.1_K04564_638e9d57	GCA_905221605.1
CAJNDS010002396.1_K04564_39524e3c	GCA_905221605.1
CAJNDS010002544.1_K04564_89a3bd15	GCA_905221605.1
CAE7755567.1	GCA_905231915.1
CAE7835006.1	GCA_905231915.1
CAE7848606.1	GCA_905231915.1
CAJNJA010010971.1_K04564_bfba0b71	GCA_905231915.1
CAJNJA010037584.1_K04564_1d89d229	GCA_905231915.1
CAJNJA010039315.1_K04564_078188b5	GCA_905231915.1
CAJNJA010049029.1_K04564_31328c11	GCA_905231915.1
CAJNJA010052942.1_K04564_06e367ea	GCA_905231915.1
CAJNJA010064252.1_K04564_35c86fa4	GCA_905231915.1
CAL1167723.1	GCA_947184155.2
CAL1168149.1	GCA_947184155.2
CAL1168155.1	GCA_947184155.2
CAMXCT020000001.1_K04564_24b48a7d	GCA_947184155.2
CAMXCT020000001.1_K04564_62fc6807	GCA_947184155.2
CAMXCT020000624.1_K04564_b4735730	GCA_947184155.2
CAMXCT020006312.1_K04564_4b0da42b	GCA_947184155.2
CAMXCT020006499.1_K04564_88d2492d	GCA_947184155.2
CAMXCT020006499.1_K04564_c81ee4b4	GCA_947184155.2
CAK9026913.1	GCA_963969995.1
CAK9047237.1	GCA_963969995.1
CAK9091470.1	GCA_963969995.1
CAK9100252.1	GCA_963969995.1
CAK9100322.1	GCA_963969995.1
CAXAMM010011742.1_K04564_596608af	GCA_963969995.1
CAXAMM010020073.1_K04564_521e95f5	GCA_963969995.1
CAXAMM010025685.1_K04564_b43539e3	GCA_963969995.1
CAXAMM010040162.1_K04564_a70eaf5e	GCA_963969995.1
CAXAMM010040162.1_K04564_f9608fa6	GCA_963969995.1
CAXAMM010040173.1_K04564_1d3f7085	GCA_963969995.1
CAXAMM010040173.1_K04564_b38f776c	GCA_963969995.1
CAXAMM010041596.1_K04564_b4e14a51	GCA_963969995.1
CAXAMM010041607.1_K04564_b03297c4	GCA_963969995.1
CAK9032107.1	GCA_963970005.1
CAK9113181.1	GCA_963970005.1
CAK9113185.1	GCA_963970005.1
CAXAMN010010569.1_K04564_fd3bda58	GCA_963970005.1
CAXAMN010010580.1_K04564_c8f29b87	GCA_963970005.1
CAXAMN010027783.1_K04564_0f8290bd	GCA_963970005.1
CAXAMN010027783.1_K04564_a5ab1868	GCA_963970005.1
CAXAMN010027806.1_K04564_b422a675	GCA_963970005.1
CAXAMN010027806.1_K04564_f0a63ebd	GCA_963970005.1
OZ257276.1_K04564_a64e3044	GCA_965279495.1
OZ257276.1_K04564_ace37290	GCA_965279495.1
OZ257313.1_K04564_a15fd385	GCA_965279495.1
TRINITY_DN30502_c0_g1_i4.p1|durusdinium_trenchii	
TRINITY_DN30502_c0_g1_i1.p1|durusdinium_trenchii	
TRINITY_DN30502_c0_g1_i3.p1|durusdinium_trenchii	
TRINITY_DN30502_c0_g1_i2.p1|durusdinium_trenchii	
c_goreaui_TRINITY_DN626_c0_g1_i2.p1|cladocopium_goreaui	
c_goreaui_TRINITY_DN626_c0_g1_i4.p1|cladocopium_goreaui	
siderastrea_symb_TRINITY_DN604900_c0_g1_i1.p1|breviolum_b5	
siderastrea_symb_TRINITY_DN405006_c0_g1_i1.p1|breviolum_b5	
siderastrea_symb_TRINITY_DN405006_c0_g1_i4.p1|breviolum_b5	
siderastrea_symb_TRINITY_DN475799_c0_g1_i1.p1|breviolum_b5	
siderastrea_symb_TRINITY_DN8493_c0_g1_i1.p1|breviolum_b5	
siderastrea_symb_TRINITY_DN700764_c0_g1_i1.p1|breviolum_b5	
pseudodiploria_symb_TRINITY_DN348117_c0_g1_i1.p1|symbiodinium_a3	
pseudodiploria_symb_TRINITY_DN172781_c0_g1_i2.p1|symbiodinium_a3	
pseudodiploria_symb_TRINITY_DN172781_c0_g1_i4.p1|symbiodinium_a3	
orbicella_symb_TRINITY_DN78611_c0_g1_i1.p1|breviolum_faviinorum	
orbicella_symb_TRINITY_DN78611_c0_g2_i1.p1|breviolum_faviinorum	
orbicella_symb_TRINITY_DN241331_c0_g1_i1.p1|breviolum_faviinorum	
orbicella_symb_TRINITY_DN188752_c0_g3_i1.p1|breviolum_faviinorum	
orbicella_symb_TRINITY_DN188752_c0_g3_i4.p1|breviolum_faviinorum	
orbicella_symb_TRINITY_DN393612_c0_g1_i1.p1|breviolum_faviinorum	
orbicella_symb_TRINITY_DN319259_c0_g1_i1.p2|breviolum_faviinorum	
orbicella_symb_TRINITY_DN196811_c0_g2_i1.p2|breviolum_faviinorum	
d_trenchii_TRINITY_DN533_c0_g1_i4.p1|durusdinium_trenchii	
d_trenchii_TRINITY_DN32906_c0_g1_i1.p1|durusdinium_trenchii	
evm.model.scf7180000353951.8_evm.model.scf7180000353951.9_evm.model.scf7180000353951.9.1.60e71e6c.1.60f65222|cladocopium_goreaui	
evm.model.scf7180000353951.10|cladocopium_goreaui	
evm.model.scf7180000356577.1|cladocopium_goreaui	